"scenario","n","method","quantity","time","n_success","bias","mse","rmse","se"
"S1_Gamma_well_specified",20,"AIC_MA","hazard",150,30,0.000279248844125274,9.00727322606452e-07,0.000949066553307223,0.000922560570291383
"S1_Gamma_well_specified",20,"AIC_MA","hazard",200,30,0.000404090009702615,8.60404136658413e-07,0.000927579719839979,0.000849207785415702
"S1_Gamma_well_specified",20,"AIC_MA","mean",NA,30,-5.7472228837234,1194.05502021238,34.5551012183785,34.6563093126836
"S1_Gamma_well_specified",20,"AIC_MA","probability",NA,30,-0.107047557246807,0.119951199027199,0.346339716214008,0.33501212461027
"S1_Gamma_well_specified",20,"Best_AIC","hazard",150,30,0.0001798248358588,1.01536155673087e-06,0.00100765150559649,0.00100842549780675
"S1_Gamma_well_specified",20,"Best_AIC","hazard",200,30,0.000339662583287776,1.017930756988e-06,0.00100892554581,0.000966272657227658
"S1_Gamma_well_specified",20,"Best_AIC","mean",NA,30,-8.8734347464159,1247.14981013212,35.3150082844691,34.7663923023949
"S1_Gamma_well_specified",20,"Best_AIC","probability",NA,30,-0.131850019487048,0.1419873486418,0.376812086645054,0.359025867384854
"S1_Gamma_well_specified",20,"Generating","hazard",150,30,0.000183382934425281,7.2211949270841e-07,0.000849776142703718,0.000843937932063635
"S1_Gamma_well_specified",20,"Generating","hazard",200,30,0.000282222785718124,7.45792539562831e-07,0.000863592808887864,0.000830128472889007
"S1_Gamma_well_specified",20,"Generating","mean",NA,30,-9.19126223484687,1238.19058399719,35.1879323632007,34.5469887284091
"S1_Gamma_well_specified",20,"Generating","probability",NA,30,-0.140251739368907,0.128934280478568,0.359074199126821,0.336201494513331
"S1_Gamma_well_specified",50,"AIC_MA","hazard",150,30,0.000144758945163444,3.37102663727095e-07,0.000580605428606291,0.000571882111847027
"S1_Gamma_well_specified",50,"AIC_MA","hazard",200,30,0.00027497543302347,5.40708042378146e-07,0.000735328526835554,0.000693638497926123
"S1_Gamma_well_specified",50,"AIC_MA","mean",NA,30,-3.70964492904817,338.652881801876,18.402523788923,18.3328821680757
"S1_Gamma_well_specified",50,"AIC_MA","probability",NA,30,-0.170205481738741,0.0725424569870797,0.269337069463302,0.212308861639965
"S1_Gamma_well_specified",50,"Best_AIC","hazard",150,30,0.000109692400776522,4.73017841020689e-07,0.000687762925011729,0.000690566048352468
"S1_Gamma_well_specified",50,"Best_AIC","hazard",200,30,0.000203173681591627,6.22470627319711e-07,0.00078896807750359,0.000775391613467727
"S1_Gamma_well_specified",50,"Best_AIC","mean",NA,30,-5.06638333477905,352.771653074903,18.7822164047511,18.3951852671771
"S1_Gamma_well_specified",50,"Best_AIC","probability",NA,30,-0.189023263409146,0.0861516138682883,0.293515951641965,0.228386740417195
"S1_Gamma_well_specified",50,"Generating","hazard",150,30,8.06642321326613e-05,1.57887381073727e-07,0.000397350451206145,0.000395728044976434
"S1_Gamma_well_specified",50,"Generating","hazard",200,30,0.000196382335536969,2.69568726856001e-07,0.000519200083644062,0.000488843856121041
"S1_Gamma_well_specified",50,"Generating","mean",NA,30,-5.56360726351094,359.534003475051,18.961381897822,18.4366654277732
"S1_Gamma_well_specified",50,"Generating","probability",NA,30,-0.182540460144679,0.0630479630153647,0.25109353439578,0.175362511501767
"S1_Gamma_well_specified",100,"AIC_MA","hazard",150,30,0.000176407159862009,2.34995710775878e-07,0.000484763561724557,0.000459245510997111
"S1_Gamma_well_specified",100,"AIC_MA","hazard",200,30,0.000223032177805361,3.92194997774827e-07,0.000626254738724448,0.00059519771745793
"S1_Gamma_well_specified",100,"AIC_MA","mean",NA,30,-3.95781805702306,276.603339512075,16.6313961985179,16.4297569316787
"S1_Gamma_well_specified",100,"AIC_MA","probability",NA,30,-0.168071780946865,0.056953719872352,0.238649784982832,0.172323661958319
"S1_Gamma_well_specified",100,"Best_AIC","hazard",150,30,0.000174565952313215,2.62685792303903e-07,0.000512528820949518,0.000490122279531677
"S1_Gamma_well_specified",100,"Best_AIC","hazard",200,30,0.00022879267421368,4.35125484962736e-07,0.000659640420958825,0.000629268374183167
"S1_Gamma_well_specified",100,"Best_AIC","mean",NA,30,-4.76280182720812,290.150199944049,17.0337958172584,16.6339676990351
"S1_Gamma_well_specified",100,"Best_AIC","probability",NA,30,-0.170093252981917,0.0591739142466792,0.24325688941257,0.176875758665488
"S1_Gamma_well_specified",100,"Generating","hazard",150,30,0.000127008603543293,1.0526948432089e-07,0.00032445259179253,0.000303664343302463
"S1_Gamma_well_specified",100,"Generating","hazard",200,30,0.000184233447593902,2.23968881242589e-07,0.000473253506318325,0.000443372947275907
"S1_Gamma_well_specified",100,"Generating","mean",NA,30,-5.74771265422507,282.351501707038,16.8033181754985,16.0596506903063
"S1_Gamma_well_specified",100,"Generating","probability",NA,30,-0.174589671551318,0.0512056500401899,0.226286654578192,0.146419673027366
"S2_Weibull_challenging",20,"AIC_MA","hazard",150,30,-6.51704604896264e-05,4.88797477191819e-07,0.000699140527499171,0.000707996411644464
"S2_Weibull_challenging",20,"AIC_MA","hazard",200,30,-4.1750717940904e-05,4.47964750272024e-07,0.000669301688532177,0.000679417824690381
"S2_Weibull_challenging",20,"AIC_MA","mean",NA,30,2925.67217632341,236337670.868264,15373.2778179627,15350.3267353169
"S2_Weibull_challenging",20,"AIC_MA","probability",NA,30,-0.165945379989264,0.181674748577861,0.426233209144784,0.399314342650361
"S2_Weibull_challenging",20,"Best_AIC","hazard",150,30,-7.22471732113966e-05,5.9287434094876e-07,0.000769983338098143,0.000779691375887162
"S2_Weibull_challenging",20,"Best_AIC","hazard",200,30,-3.24844515112558e-05,5.36844617604522e-07,0.000732696811515187,0.000744489673405978
"S2_Weibull_challenging",20,"Best_AIC","mean",NA,30,54.1907542831045,24031.0032818046,155.019364215586,147.721891889734
"S2_Weibull_challenging",20,"Best_AIC","probability",NA,30,-0.173102731529446,0.198959581449362,0.446048855451241,0.418117735175987
"S2_Weibull_challenging",20,"Generating","hazard",150,30,-0.000131116343710287,3.69995759200067e-07,0.000608272767103762,0.00060412741029902
"S2_Weibull_challenging",20,"Generating","hazard",200,30,-9.4221054874891e-05,3.37794011768385e-07,0.000581200491885876,0.000583316680348157
"S2_Weibull_challenging",20,"Generating","mean",NA,30,54.0480728480084,20995.9993118256,144.899963118786,136.740901985352
"S2_Weibull_challenging",20,"Generating","probability",NA,30,-0.179284110022774,0.16987652682792,0.412160802148772,0.377469434324928
"S2_Weibull_challenging",50,"AIC_MA","hazard",150,30,2.10031355538604e-05,2.13273231620292e-07,0.000461815148755746,0.000469223974073552
"S2_Weibull_challenging",50,"AIC_MA","hazard",200,30,3.89326074976273e-05,1.84431806220641e-07,0.000429455243559374,0.000434998285720851
"S2_Weibull_challenging",50,"AIC_MA","mean",NA,30,71.8416395392252,27154.6402829608,164.786650803276,150.837040788179
"S2_Weibull_challenging",50,"AIC_MA","probability",NA,30,-0.0990755233092541,0.0781213875975139,0.279502035050756,0.265820969591043
"S2_Weibull_challenging",50,"Best_AIC","hazard",150,30,2.02353232284836e-05,2.10798184905401e-07,0.00045912763465664,0.000466522775360698
"S2_Weibull_challenging",50,"Best_AIC","hazard",200,30,3.95125048036406e-05,1.80088554778244e-07,0.000424368418686221,0.000429748101930437
"S2_Weibull_challenging",50,"Best_AIC","mean",NA,30,1.56616145986342,5758.09502509233,75.8821126820566,77.1628964127233
"S2_Weibull_challenging",50,"Best_AIC","probability",NA,30,-0.0896975634815021,0.0749487832699824,0.273767754255286,0.263078191553709
"S2_Weibull_challenging",50,"Generating","hazard",150,30,4.64715950740065e-05,1.95807688755289e-07,0.000442501625709205,0.000447577478871536
"S2_Weibull_challenging",50,"Generating","hazard",200,30,6.1099898784205e-05,1.72900666356584e-07,0.000415813258995651,0.000418331004965765
"S2_Weibull_challenging",50,"Generating","mean",NA,30,1.28380247077078,5815.98347032189,76.2625954863974,77.5553327822805
"S2_Weibull_challenging",50,"Generating","probability",NA,30,-0.0818839313858075,0.0712216006049849,0.266873754057953,0.258343440989975
"S2_Weibull_challenging",100,"AIC_MA","hazard",150,30,-0.000136099681956394,8.23554479095046e-08,0.000286976389115036,0.000256969724127463
"S2_Weibull_challenging",100,"AIC_MA","hazard",200,30,-0.000104401936530435,6.7114606332827e-08,0.00025906486896688,0.000241149921850435
"S2_Weibull_challenging",100,"AIC_MA","mean",NA,30,41.4729874077136,11104.6361888629,105.378537610193,98.5303777995389
"S2_Weibull_challenging",100,"AIC_MA","probability",NA,30,-0.158238839994148,0.0483338598431753,0.219849630072864,0.155233959226228
"S2_Weibull_challenging",100,"Best_AIC","hazard",150,30,-0.000106888906630092,7.81546221398054e-08,0.000279561481860083,0.000262736364085742
"S2_Weibull_challenging",100,"Best_AIC","hazard",200,30,-8.08296701958309e-05,6.32420218363397e-08,0.000251479664856504,0.000242206636457043
"S2_Weibull_challenging",100,"Best_AIC","mean",NA,30,15.6526003726975,2991.42052001323,54.6938800965266,53.3021635866674
"S2_Weibull_challenging",100,"Best_AIC","probability",NA,30,-0.144639391576536,0.0448960474398688,0.211886874156633,0.157487253488278
"S2_Weibull_challenging",100,"Generating","hazard",150,30,-6.66601864385113e-05,7.12508407187768e-08,0.000266928531106693,0.00026288963253143
"S2_Weibull_challenging",100,"Generating","hazard",200,30,-4.97781779224581e-05,6.03975577519289e-08,0.000245759145815428,0.000244779332196014
"S2_Weibull_challenging",100,"Generating","mean",NA,30,16.8883982800899,3039.34479923933,55.1302530307937,53.3769303400183
"S2_Weibull_challenging",100,"Generating","probability",NA,30,-0.131852576269777,0.0412329320767744,0.203058937446187,0.157067403303422
"S3_Mixture_misspecified",20,"AIC_MA","hazard",150,30,0.000193130934720164,6.61766835434356e-07,0.000813490525718865,0.000803741644985891
"S3_Mixture_misspecified",20,"AIC_MA","hazard",200,30,-9.70223107341865e-05,8.44192979943401e-07,0.000918799749642653,0.000929282065024244
"S3_Mixture_misspecified",20,"AIC_MA","mean",NA,30,1.9225472560305e+48,1.10885638550113e+98,1.05302249999757e+49,1.05302249999757e+49
"S3_Mixture_misspecified",20,"AIC_MA","probability",NA,30,-0.299083349292531,0.22356960832913,0.472831479841529,0.372482943611019
"S3_Mixture_misspecified",20,"Best_AIC","hazard",150,30,0.000171717308309276,6.77874334915777e-07,0.000823331242523795,0.000818990653567229
"S3_Mixture_misspecified",20,"Best_AIC","hazard",200,30,-9.23472834242625e-05,9.11188705796398e-07,0.000954562049212306,0.000966326505669381
"S3_Mixture_misspecified",20,"Best_AIC","mean",NA,30,14.6693902434778,29769.8133739193,172.539309648321,174.853502318085
"S3_Mixture_misspecified",20,"Best_AIC","probability",NA,30,-0.296181000124299,0.227850597723189,0.477336985496818,0.380735331488078
"S3_Mixture_misspecified",50,"AIC_MA","hazard",150,30,0.000302338497177709,3.46574258289199e-07,0.000588705578612262,0.000513774764229245
"S3_Mixture_misspecified",50,"AIC_MA","hazard",200,30,-6.56893899055334e-05,3.28962158029074e-07,0.000573552227812842,0.000579518583275493
"S3_Mixture_misspecified",50,"AIC_MA","mean",NA,30,-6.5014668521401,5755.83564974601,75.8672238173114,76.8803363397089
"S3_Mixture_misspecified",50,"AIC_MA","probability",NA,30,-0.275596157735272,0.118735301472326,0.344579891276792,0.210374196940825
"S3_Mixture_misspecified",50,"Best_AIC","hazard",150,30,0.000337955906941408,4.49888951967272e-07,0.000670737617826279,0.000589279007388674
"S3_Mixture_misspecified",50,"Best_AIC","hazard",200,30,8.10763316649187e-06,4.34373572087516e-07,0.000659070233046157,0.000670286484072003
"S3_Mixture_misspecified",50,"Best_AIC","mean",NA,30,-3.64307644649097,6483.87636321316,80.5225208448739,81.8152103547874
"S3_Mixture_misspecified",50,"Best_AIC","probability",NA,30,-0.270189035490881,0.122897728184394,0.350567722679076,0.227191882940468
"S3_Mixture_misspecified",100,"AIC_MA","hazard",150,30,0.000214484737082214,2.11454269443287e-07,0.000459841569938264,0.000413709752081878
"S3_Mixture_misspecified",100,"AIC_MA","hazard",200,30,-0.000142270416142255,2.57510737612946e-07,0.000507455158228731,0.000495430707396471
"S3_Mixture_misspecified",100,"AIC_MA","mean",NA,30,17.072317699238,4802.54257645457,69.3003793384608,68.312758525851
"S3_Mixture_misspecified",100,"AIC_MA","probability",NA,30,-0.315468456612285,0.122104045506742,0.349433892899274,0.152847789024667
"S3_Mixture_misspecified",100,"Best_AIC","hazard",150,30,0.000219953669807651,2.16936742997585e-07,0.000465764686292966,0.000417575670783234
"S3_Mixture_misspecified",100,"Best_AIC","hazard",200,30,-0.000126524147725654,2.5894712471337e-07,0.000508868474866905,0.000501314236323232
"S3_Mixture_misspecified",100,"Best_AIC","mean",NA,30,16.7577701690308,5244.24892971118,72.4171867011635,71.6559745710769
"S3_Mixture_misspecified",100,"Best_AIC","probability",NA,30,-0.31468658579085,0.121839825524045,0.349055619527956,0.153619025786059
