"scenario","n","method","quantity","time","median_estimate","median_error","mae","median_abs_error","max_abs_error"
"S1_Gamma_well_specified",20,"AIC_MA","hazard",150,0.00352337707096737,0.000419928795105303,0.000826266030710454,0.000773038221544191,0.0018423537087343
"S1_Gamma_well_specified",20,"AIC_MA","hazard",200,0.00448017705607612,0.00048017705607612,0.000789912012073,0.000795180470342299,0.00214126461774031
"S1_Gamma_well_specified",20,"AIC_MA","mean",NA,284.634675622213,-15.3653243777874,29.6166017030872,25.6999306957756,75.4525121978398
"S1_Gamma_well_specified",20,"AIC_MA","probability",NA,0.552063703151746,-0.0336478859169006,0.264537331272415,0.184416353977208,0.896142416789708
"S1_Gamma_well_specified",20,"Best_AIC","hazard",150,0.0031589868053149,5.55385294528261e-05,0.000807173445968687,0.000747951838817837,0.00192595577374969
"S1_Gamma_well_specified",20,"Best_AIC","hazard",200,0.00434753543550486,0.000347535435504864,0.000814680692418642,0.000712939013131975,0.00193689037398798
"S1_Gamma_well_specified",20,"Best_AIC","mean",NA,282.956749597574,-17.0432504024258,30.323248769371,28.3603657625581,70.7100525716616
"S1_Gamma_well_specified",20,"Best_AIC","probability",NA,0.479212950744012,-0.106498638324635,0.285629966992369,0.203406936963487,0.998227159531765
"S1_Gamma_well_specified",20,"Generating","hazard",150,0.00350416719986654,0.000400718924004473,0.000745906007888846,0.000726883383106393,0.00166581493560163
"S1_Gamma_well_specified",20,"Generating","hazard",200,0.00446620648078,0.000466206480780002,0.000747762810869958,0.000681070980042742,0.00193689037398798
"S1_Gamma_well_specified",20,"Generating","mean",NA,282.717071054499,-17.2829289455015,30.3564445476779,28.4249417141236,70.4840519876361
"S1_Gamma_well_specified",20,"Generating","probability",NA,0.52503424825487,-0.0606773408137767,0.274644089395431,0.215733200378151,0.856325266181495
"S1_Gamma_well_specified",50,"AIC_MA","hazard",150,0.00333626710994673,0.000232818834084663,0.000468857888987791,0.000452213610308927,0.00146061244328952
"S1_Gamma_well_specified",50,"AIC_MA","hazard",200,0.00446343632333376,0.000463436323333757,0.000614473676308913,0.000551013568453445,0.00159611557325545
"S1_Gamma_well_specified",50,"AIC_MA","mean",NA,295.28387533922,-4.71612466077991,14.5711961221258,10.8560536830929,44.3204309505158
"S1_Gamma_well_specified",50,"AIC_MA","probability",NA,0.470429928979423,-0.115281660089224,0.201279533069156,0.129787770054836,0.695692625966795
"S1_Gamma_well_specified",50,"Best_AIC","hazard",150,0.00319560240753597,9.21541316739021e-05,0.000556161901963637,0.000453116101194641,0.00169529778707941
"S1_Gamma_well_specified",50,"Best_AIC","hazard",200,0.00420998995463581,0.000209989954635808,0.000673249475248368,0.000685666594830682,0.00158139986246917
"S1_Gamma_well_specified",50,"Best_AIC","mean",NA,295.975953551214,-4.02404644878615,14.6047795314571,12.8352165036824,42.6070750552957
"S1_Gamma_well_specified",50,"Best_AIC","probability",NA,0.478606706707488,-0.107104882361159,0.219218158455315,0.122082646482292,0.71286107447043
"S1_Gamma_well_specified",50,"Generating","hazard",150,0.00322196661348919,0.000118518337627123,0.000317159516041174,0.000265650064082502,0.00083050379760951
"S1_Gamma_well_specified",50,"Generating","hazard",200,0.00414911661710013,0.000149116617100132,0.000406870068774843,0.000314182918053055,0.00100290831619378
"S1_Gamma_well_specified",50,"Generating","mean",NA,293.809846050654,-6.19015394934576,14.8747115098873,13.1555933943982,42.5406496010574
"S1_Gamma_well_specified",50,"Generating","probability",NA,0.39218533889557,-0.193526250173077,0.201460992815468,0.193526250173077,0.591589868975313
"S1_Gamma_well_specified",100,"AIC_MA","hazard",150,0.00329309672503061,0.000189648449168545,0.000403507786622981,0.000401618816495946,0.00117309789081885
"S1_Gamma_well_specified",100,"AIC_MA","hazard",200,0.00425737785839035,0.000257377858390352,0.000512067152435166,0.000480385264019488,0.00160571672618869
"S1_Gamma_well_specified",100,"AIC_MA","mean",NA,295.15942010534,-4.84057989466029,14.4790661064841,15.8066937234671,31.7955595893886
"S1_Gamma_well_specified",100,"AIC_MA","probability",NA,0.417537703314932,-0.168173885753715,0.187657934195717,0.168173885753715,0.497664255336785
"S1_Gamma_well_specified",100,"Best_AIC","hazard",150,0.00321057821161597,0.000107129935753896,0.000411206759398492,0.000332775782841846,0.00129144082224138
"S1_Gamma_well_specified",100,"Best_AIC","hazard",200,0.00418044564169618,0.00018044564169618,0.000510362250396523,0.000385208704412798,0.0017830260499559
"S1_Gamma_well_specified",100,"Best_AIC","mean",NA,294.281656099215,-5.7183439007855,15.1712831809427,15.8048062418089,32.4318694990079
"S1_Gamma_well_specified",100,"Best_AIC","probability",NA,0.408985979006857,-0.176725610061789,0.195091980709041,0.176725610061789,0.522464315129328
"S1_Gamma_well_specified",100,"Generating","hazard",150,0.00323166330639557,0.000128215030533503,0.000279868537044088,0.000285490173098852,0.000732715815957856
"S1_Gamma_well_specified",100,"Generating","hazard",200,0.00418044564169618,0.00018044564169618,0.000396906384223442,0.000353232467560351,0.00104762710483082
"S1_Gamma_well_specified",100,"Generating","mean",NA,292.641327726374,-7.3586722736265,14.8511364138974,15.6323530981022,32.4318694990079
"S1_Gamma_well_specified",100,"Generating","probability",NA,0.430403028822561,-0.155308560246086,0.184014631167224,0.155308560246086,0.404343767662201
"S2_Weibull_challenging",20,"AIC_MA","hazard",150,0.00278534174081743,-8.73285569873736e-05,0.000535509123006466,0.000373505411188144,0.00164562752770252
"S2_Weibull_challenging",20,"AIC_MA","hazard",200,0.00258066344303667,-5.44794063626548e-05,0.000503082441884791,0.000382609508922111,0.00169949538780595
"S2_Weibull_challenging",20,"AIC_MA","mean",NA,425.395566186264,45.648514369079,2963.40526956416,86.4580344813934,84191.9791556223
"S2_Weibull_challenging",20,"AIC_MA","probability",NA,0.516845696067527,-0.118685666410445,0.33987555648115,0.27964184491578,1.09932190812676
"S2_Weibull_challenging",20,"Best_AIC","hazard",150,0.00276363652801738,-0.000109033769787427,0.000587122893016661,0.000453302823770366,0.00211866614559527
"S2_Weibull_challenging",20,"Best_AIC","hazard",200,0.00254993556559392,-8.52072838054116e-05,0.000546482646482868,0.000466022285602808,0.00220172113419958
"S2_Weibull_challenging",20,"Best_AIC","mean",NA,404.038271323773,24.2912195065882,112.88587039878,67.5745435296981,412.81241670254
"S2_Weibull_challenging",20,"Best_AIC","probability",NA,0.495584462408469,-0.139946900069504,0.353566930216462,0.307448435565064,1.12390164278624
"S2_Weibull_challenging",20,"Generating","hazard",150,0.00274111896050346,-0.00013155133730134,0.000489757732103511,0.00041956298742578,0.00132499979999953
"S2_Weibull_challenging",20,"Generating","hazard",200,0.00249781302210302,-0.00013732982729631,0.000449663411057767,0.000294036678717033,0.0016059021091405
"S2_Weibull_challenging",20,"Generating","mean",NA,403.866476100402,24.1194242832166,106.627539726999,66.9400244785345,360.889171980089
"S2_Weibull_challenging",20,"Generating","probability",NA,0.502051911353971,-0.133479451124001,0.322273120593755,0.274186828870814,1.09610809106646
"S2_Weibull_challenging",50,"AIC_MA","hazard",150,0.00293134779176665,5.86774939618495e-05,0.000359455814817469,0.000289912941872894,0.00137985846791519
"S2_Weibull_challenging",50,"AIC_MA","hazard",200,0.00269039505691341,5.52522075140782e-05,0.000328092843521087,0.000270520811354709,0.00145099601333311
"S2_Weibull_challenging",50,"AIC_MA","mean",NA,416.736456616046,36.9894047988609,111.878300084528,60.7509630442837,486.19315178222
"S2_Weibull_challenging",50,"AIC_MA","probability",NA,0.581695551877139,-0.053835810600833,0.211496781446908,0.134648003661779,0.713561850193154
"S2_Weibull_challenging",50,"Best_AIC","hazard",150,0.00291651189051325,4.38415927084483e-05,0.00034576057538958,0.000256319452339212,0.00129048845623807
"S2_Weibull_challenging",50,"Best_AIC","hazard",200,0.00269368930173305,5.85464523337174e-05,0.000320206269754293,0.000203265521617793,0.00135619725954331
"S2_Weibull_challenging",50,"Best_AIC","mean",NA,377.46164630679,-2.28540551039504,59.6203939422864,48.5585627934986,236.083618458504
"S2_Weibull_challenging",50,"Best_AIC","probability",NA,0.585539568540944,-0.0499917939370284,0.202476781177746,0.121981692609157,0.719925575787274
"S2_Weibull_challenging",50,"Generating","hazard",150,0.00290118672155317,2.85164237483699e-05,0.000329316289966665,0.000257555687559673,0.00143387403322503
"S2_Weibull_challenging",50,"Generating","hazard",200,0.00267068350228645,3.55406528871202e-05,0.000305494112322333,0.000221220095453658,0.00144727605198461
"S2_Weibull_challenging",50,"Generating","mean",NA,373.631831383037,-6.11522043414806,58.1510440676335,45.6424877882617,247.575407279116
"S2_Weibull_challenging",50,"Generating","probability",NA,0.584993344543585,-0.050538017934387,0.202466656378169,0.156782228744339,0.683897490003222
"S2_Weibull_challenging",100,"AIC_MA","hazard",150,0.00272255180135801,-0.000150118496446795,0.000239442869745439,0.00019503248040251,0.000616622344348885
"S2_Weibull_challenging",100,"AIC_MA","hazard",200,0.0025018491286663,-0.000133293720733031,0.000211835397051457,0.000167703265286724,0.000573486473028571
"S2_Weibull_challenging",100,"AIC_MA","mean",NA,410.812325749238,31.0652739320534,63.3501225942103,39.0009882414963,443.150049127417
"S2_Weibull_challenging",100,"AIC_MA","probability",NA,0.46273772514776,-0.172793637330213,0.194547699927282,0.196896072626824,0.387759986228913
"S2_Weibull_challenging",100,"Best_AIC","hazard",150,0.00271840607354535,-0.000154264224259457,0.000233458476107055,0.000187370165457995,0.000562639543742542
"S2_Weibull_challenging",100,"Best_AIC","hazard",200,0.00255428947766743,-8.08533717318947e-05,0.000206205184063211,0.000193018011215919,0.00050160937868205
"S2_Weibull_challenging",100,"Best_AIC","mean",NA,391.426265050097,11.6792132329124,43.4632817582271,35.696501439532,133.740569033898
"S2_Weibull_challenging",100,"Best_AIC","probability",NA,0.474265272735732,-0.16126608974224,0.183888134129011,0.203420149352989,0.379547963682862
"S2_Weibull_challenging",100,"Generating","hazard",150,0.00281196574688699,-6.07045509178185e-05,0.000212334070393778,0.000177368701182638,0.000541495292103888
"S2_Weibull_challenging",100,"Generating","hazard",200,0.00257631795257333,-5.88248968259998e-05,0.000201727301781005,0.000178865860304474,0.000486698421877455
"S2_Weibull_challenging",100,"Generating","mean",NA,391.426265050097,11.6792132329124,43.5428007699317,36.0900061338171,133.740569033898
"S2_Weibull_challenging",100,"Generating","probability",NA,0.493162714246075,-0.142368648231897,0.176995647565202,0.17399664291806,0.379547963682862
"S3_Mixture_misspecified",20,"AIC_MA","hazard",150,0.00282612826118585,3.09502880298652e-06,0.000643835701171462,0.000522503065838015,0.00181464813419542
"S3_Mixture_misspecified",20,"AIC_MA","hazard",200,0.00311865186460187,-0.000294109364978649,0.000830034874026845,0.000843254675069173,0.00153646389558668
"S3_Mixture_misspecified",20,"AIC_MA","mean",NA,356.982386649426,-42.891139259167,1.9225472560305e+48,85.9766230606191,5.76764176809151e+49
"S3_Mixture_misspecified",20,"AIC_MA","probability",NA,0.238517019447193,-0.323379299911117,0.387477525863653,0.354418823942114,1.31766058419644
"S3_Mixture_misspecified",20,"Best_AIC","hazard",150,0.00281558589505701,-7.44733732585458e-06,0.000661272756317171,0.000527471316757293,0.00168934032726036
"S3_Mixture_misspecified",20,"Best_AIC","hazard",200,0.00291308879983073,-0.000499672429749797,0.000871235001409235,0.000881081536050736,0.00184124941559672
"S3_Mixture_misspecified",20,"Best_AIC","mean",NA,346.996711388175,-52.8768145204176,126.170232659172,89.0534654148334,564.12267667089
"S3_Mixture_misspecified",20,"Best_AIC","probability",NA,0.213308518553043,-0.348587800805267,0.393114646672576,0.408847020726174,1.30146807797775
"S3_Mixture_misspecified",50,"AIC_MA","hazard",150,0.00305299614944704,0.000229962917064175,0.000462860066241392,0.000283163170654403,0.00145437946147832
"S3_Mixture_misspecified",50,"AIC_MA","hazard",200,0.00325006317226347,-0.000162698057317056,0.000490040489439898,0.000481890513200185,0.00136844576251095
"S3_Mixture_misspecified",50,"AIC_MA","mean",NA,392.541351959343,-7.33217394924981,54.7411334171239,33.982570244658,238.496775776715
"S3_Mixture_misspecified",50,"AIC_MA","probability",NA,0.280845816820216,-0.281050502538094,0.288743622220672,0.281050502538094,0.617968439576068
"S3_Mixture_misspecified",50,"Best_AIC","hazard",150,0.00310902872969907,0.0002859954973162,0.000516608287869336,0.000426836950933139,0.00175289343267707
"S3_Mixture_misspecified",50,"Best_AIC","hazard",200,0.00333399629353588,-7.87649360446403e-05,0.00053777896456629,0.000481206244723419,0.00161240608515718
"S3_Mixture_misspecified",50,"Best_AIC","mean",NA,386.157260048095,-13.7162658604975,59.0055078186037,39.9492220986334,248.05996695499
"S3_Mixture_misspecified",50,"Best_AIC","probability",NA,0.292578914070647,-0.269317405287663,0.294336508711904,0.269317405287663,0.629962250908516
"S3_Mixture_misspecified",100,"AIC_MA","hazard",150,0.00297171766453743,0.000148684432154567,0.000354849518971415,0.000271850658146799,0.00106148687608099
"S3_Mixture_misspecified",100,"AIC_MA","hazard",200,0.00319628445790676,-0.000216476771673765,0.000425548882938351,0.0003740646040892,0.00110673282626043
"S3_Mixture_misspecified",100,"AIC_MA","mean",NA,412.034528324005,12.1610024154128,54.5276940840059,40.2642464368083,213.927180229134
"S3_Mixture_misspecified",100,"AIC_MA","probability",NA,0.234351203397663,-0.327545115960647,0.315468456612285,0.327545115960647,0.607835519869696
"S3_Mixture_misspecified",100,"Best_AIC","hazard",150,0.0030059174578974,0.000182884225514538,0.000365068689807878,0.000278238749216045,0.00106151939309512
"S3_Mixture_misspecified",100,"Best_AIC","hazard",200,0.00327319150594942,-0.0001395697236311,0.000408482622890682,0.000394212575113965,0.00111678225006203
"S3_Mixture_misspecified",100,"Best_AIC","mean",NA,420.805785206724,20.9322592981314,58.3706267439224,49.9704363092035,213.953647254927
"S3_Mixture_misspecified",100,"Best_AIC","probability",NA,0.234385421125293,-0.327510898233018,0.31468658579085,0.327510898233018,0.60848926454496
